{
  "A": {
    "precision": 0.673077,
    "recall": 0.35,
    "f1": 0.460526,
    "f05": 0.568182,
    "tp": 35,
    "fp": 17,
    "fn": 65,
    "tn": 83,
    "n_yes": 52
  },
  "B": {
    "precision": 0.658537,
    "recall": 0.27,
    "f1": 0.382979,
    "f05": 0.511364,
    "tp": 27,
    "fp": 14,
    "fn": 73,
    "tn": 86,
    "n_yes": 41
  },
  "C": {
    "precision": 0.612903,
    "recall": 0.19,
    "f1": 0.290076,
    "f05": 0.424107,
    "tp": 19,
    "fp": 12,
    "fn": 81,
    "tn": 88,
    "n_yes": 31
  }
}